2	1	False	False	1	2024-10-13 02:09:46.000000	\N	\N	35	1
1	2	False	False	2	2024-10-13 04:09:46.000000	\N	\N	24	1
4	3	False	False	\N	2024-10-13 05:09:46.000000	\N	\N	25	1
3	4	False	False	\N	2024-10-13 06:09:46.000000	\N	\N	\N	2
6	5	False	False	\N	2024-10-13 07:09:46.000000	\N	\N	20	2
5	6	False	False	\N	2024-10-13 08:09:46.000000	\N	\N	3	2
8	7	False	False	\N	2024-10-13 09:09:46.000000	\N	\N	43	2
7	8	False	False	\N	2024-10-13 10:09:46.000000	\N	\N	31	2
10	9	False	False	\N	2024-10-13 11:09:46.000000	\N	\N	44	2
9	10	False	False	\N	2024-10-13 12:09:46.000000	\N	\N	22	51
12	11	False	False	\N	2024-10-13 13:09:46.000000	\N	\N	\N	51
11	12	False	False	\N	2024-10-13 14:09:46.000000	\N	\N	36	51
14	13	False	False	\N	2024-10-13 15:09:46.000000	\N	\N	19	51
13	14	False	False	\N	2024-10-13 16:09:46.000000	\N	\N	\N	51
16	15	False	False	\N	2024-10-13 17:09:46.000000	\N	\N	45	51
15	16	False	False	\N	2024-10-13 18:09:46.000000	\N	\N	\N	1
18	17	False	False	\N	2024-10-13 19:09:46.000000	\N	\N	15	1
17	18	False	False	\N	2024-10-13 20:09:46.000000	\N	\N	13	1
20	19	False	False	\N	2024-10-13 21:09:46.000000	\N	\N	43	1
19	20	False	False	3	2024-10-13 22:09:46.000000	\N	\N	12	1
22	21	False	False	\N	2024-10-13 23:09:46.000000	\N	\N	39	1
21	22	False	False	\N	2024-10-14 00:09:46.000000	\N	\N	7	2
24	23	False	False	\N	2024-10-14 01:09:46.000000	\N	\N	28	2
23	24	False	False	\N	2024-10-14 02:09:46.000000	\N	\N	37	2
26	25	False	True	\N	2024-10-14 03:09:46.000000	\N	\N	31	2
25	26	False	False	\N	2024-10-14 04:09:46.000000	\N	\N	25	2
28	27	False	False	\N	2024-10-14 05:09:46.000000	\N	\N	7	2
27	28	False	False	\N	2024-10-14 06:09:46.000000	\N	\N	19	51
30	29	False	False	\N	2024-10-14 07:09:46.000000	\N	\N	\N	51
29	30	False	False	\N	2024-10-14 08:09:46.000000	\N	\N	39	51
32	31	False	False	\N	2024-10-14 09:09:46.000000	2024-10-14 00:09:46.000000	\N	22	51
31	32	False	False	\N	2024-10-14 10:09:46.000000	\N	\N	38	51
34	33	False	False	\N	2024-10-14 11:09:46.000000	\N	\N	38	51
33	34	False	False	\N	2024-10-14 12:09:46.000000	\N	\N	14	1
36	35	False	False	\N	2024-10-14 13:09:46.000000	\N	\N	25	1
35	36	False	False	\N	2024-10-14 14:09:46.000000	\N	\N	\N	1
38	37	False	False	\N	2024-10-14 15:09:46.000000	\N	\N	39	1
37	38	False	False	\N	2024-10-14 16:09:46.000000	\N	\N	42	1
40	39	False	False	\N	2024-10-14 17:09:46.000000	\N	\N	\N	1
39	40	False	False	\N	2024-10-14 18:09:46.000000	\N	\N	26	2
42	41	True	False	\N	2024-10-14 19:09:46.000000	\N	\N	\N	2
41	42	False	False	4	2024-10-14 20:09:46.000000	\N	\N	21	2
44	43	False	False	\N	2024-10-14 21:09:46.000000	\N	\N	22	2
43	44	False	False	\N	2024-10-14 22:09:46.000000	\N	\N	17	2
46	45	False	False	\N	2024-10-14 23:09:46.000000	\N	\N	35	2
45	46	False	False	\N	2024-10-15 00:09:46.000000	\N	\N	14	51
48	47	False	False	\N	2024-10-15 01:09:46.000000	\N	\N	13	51
47	48	False	False	\N	2024-10-15 02:09:46.000000	\N	\N	10	51
50	49	False	False	\N	2024-10-15 03:09:46.000000	\N	\N	10	51
49	50	False	False	\N	2024-10-15 04:09:46.000000	\N	\N	45	51
52	51	False	False	\N	2024-10-15 05:09:46.000000	\N	\N	40	51
51	52	False	True	\N	2024-10-15 06:09:46.000000	\N	\N	15	1
54	53	True	True	\N	2024-10-15 07:09:46.000000	\N	\N	17	1
53	54	False	False	\N	2024-10-15 08:09:46.000000	\N	\N	\N	1
56	55	False	False	\N	2024-10-15 09:09:46.000000	\N	\N	48	1
55	56	False	False	\N	2024-10-15 10:09:46.000000	\N	\N	10	1
58	57	False	False	\N	2024-10-15 11:09:46.000000	\N	\N	10	1
57	58	False	False	\N	2024-10-15 12:09:46.000000	\N	\N	3	2
60	59	False	False	\N	2024-10-15 13:09:46.000000	\N	\N	23	2
59	60	False	False	\N	2024-10-15 14:09:46.000000	\N	\N	9	2
62	61	False	False	\N	2024-10-15 15:09:46.000000	\N	\N	\N	2
61	62	False	False	\N	2024-10-15 16:09:46.000000	\N	\N	5	2
64	63	False	False	\N	2024-10-15 17:09:46.000000	\N	\N	35	2
63	64	False	False	5	2024-10-15 18:09:46.000000	2024-10-14 00:09:46.000000	\N	\N	51
66	65	False	False	\N	2024-10-15 19:09:46.000000	\N	\N	23	51
65	66	False	False	\N	2024-10-15 20:09:46.000000	\N	\N	\N	51
68	67	False	False	\N	2024-10-15 21:09:46.000000	\N	\N	19	51
67	68	False	False	\N	2024-10-15 22:09:46.000000	\N	\N	37	51
70	69	False	False	\N	2024-10-15 23:09:46.000000	\N	\N	2	51
69	70	False	False	\N	2024-10-16 00:09:46.000000	\N	\N	7	1
72	71	False	False	\N	2024-10-16 01:09:46.000000	\N	\N	18	1
71	72	False	False	\N	2024-10-16 02:09:46.000000	\N	\N	9	1
74	73	False	False	\N	2024-10-16 03:09:46.000000	\N	\N	38	1
73	74	False	False	\N	2024-10-16 04:09:46.000000	\N	\N	37	1
76	75	False	False	\N	2024-10-16 05:09:46.000000	\N	\N	41	1
75	76	False	False	\N	2024-10-16 06:09:46.000000	\N	\N	38	2
78	77	False	False	\N	2024-10-16 07:09:46.000000	\N	\N	32	2
77	78	False	False	\N	2024-10-16 08:09:46.000000	\N	\N	8	2
80	79	False	True	\N	2024-10-16 09:09:46.000000	\N	\N	\N	2
79	80	False	False	\N	2024-10-16 10:09:46.000000	\N	\N	44	2
82	81	False	False	\N	2024-10-16 11:09:46.000000	\N	\N	3	2
81	82	False	False	\N	2024-10-16 12:09:46.000000	\N	\N	37	51
84	83	False	False	\N	2024-10-16 13:09:46.000000	\N	\N	17	51
83	84	True	False	\N	2024-10-16 14:09:46.000000	\N	\N	21	51
86	85	False	False	\N	2024-10-16 15:09:46.000000	\N	\N	3	51
85	86	False	False	6	2024-10-16 16:09:46.000000	\N	\N	\N	51
88	87	False	False	\N	2024-10-16 17:09:46.000000	\N	\N	35	51
87	88	False	False	\N	2024-10-16 18:09:46.000000	\N	\N	2	1
90	89	False	False	\N	2024-10-16 19:09:46.000000	\N	\N	\N	1
89	90	False	False	\N	2024-10-16 20:09:46.000000	\N	\N	22	1
92	91	False	False	\N	2024-10-16 21:09:46.000000	\N	\N	\N	1
91	92	False	False	\N	2024-10-16 22:09:46.000000	\N	\N	46	1
94	93	False	False	\N	2024-10-16 23:09:46.000000	\N	\N	19	1
93	94	False	False	\N	2024-10-17 00:09:46.000000	\N	\N	36	2
96	95	False	False	\N	2024-10-17 01:09:46.000000	\N	\N	33	2
95	96	False	False	\N	2024-10-17 02:09:46.000000	\N	\N	36	2
98	97	False	False	\N	2024-10-17 03:09:46.000000	2024-10-14 00:09:46.000000	\N	20	2
97	98	False	False	\N	2024-10-13 00:09:46.000000	\N	\N	49	2
100	99	False	False	\N	2024-10-13 01:09:46.000000	\N	\N	36	2
99	100	False	False	\N	2024-10-13 02:09:46.000000	\N	\N	19	51
102	101	False	False	\N	2024-10-13 03:09:46.000000	\N	\N	24	51
101	102	False	False	\N	2024-10-13 04:09:46.000000	\N	\N	23	51
104	103	False	False	\N	2024-10-13 05:09:46.000000	\N	\N	2	51
103	104	False	False	\N	2024-10-13 06:09:46.000000	\N	\N	\N	51
106	105	False	False	\N	2024-10-13 07:09:46.000000	\N	\N	4	51
105	106	False	True	\N	2024-10-13 08:09:46.000000	\N	\N	48	1
108	107	False	False	\N	2024-10-13 09:09:46.000000	\N	\N	13	1
107	108	True	True	7	2024-10-13 10:09:46.000000	\N	\N	34	1
110	109	False	False	\N	2024-10-13 11:09:46.000000	\N	\N	16	1
109	110	False	False	\N	2024-10-13 12:09:46.000000	\N	\N	3	1
112	111	False	False	\N	2024-10-13 13:09:46.000000	\N	\N	\N	1
111	112	False	False	\N	2024-10-13 14:09:46.000000	\N	\N	22	2
114	113	False	False	\N	2024-10-13 15:09:46.000000	\N	\N	1	2
113	114	False	False	\N	2024-10-13 16:09:46.000000	\N	\N	\N	2
116	115	False	False	\N	2024-10-13 17:09:46.000000	\N	\N	43	2
115	116	False	False	\N	2024-10-13 18:09:46.000000	\N	\N	\N	2
118	117	False	False	\N	2024-10-13 19:09:46.000000	\N	\N	28	2
117	118	False	False	\N	2024-10-13 20:09:46.000000	\N	\N	44	51
120	119	False	False	\N	2024-10-13 21:09:46.000000	\N	\N	42	51
119	120	False	False	\N	2024-10-13 22:09:46.000000	\N	\N	5	51
122	121	False	False	\N	2024-10-13 23:09:46.000000	\N	\N	31	51
121	122	False	False	8	2024-10-14 01:09:46.000000	\N	\N	38	51
124	123	False	False	\N	2024-10-14 02:09:46.000000	\N	\N	49	1
123	124	False	False	\N	2024-10-14 03:09:46.000000	\N	\N	49	1
126	125	False	False	\N	2024-10-14 04:09:46.000000	\N	\N	19	1
125	126	True	False	\N	2024-10-14 05:09:46.000000	\N	\N	34	1
128	127	False	False	9	2024-10-14 07:09:46.000000	\N	\N	\N	1
127	128	False	False	10	2024-10-14 08:09:46.000000	2024-10-14 00:09:46.000000	\N	10	2
130	129	False	False	\N	2024-10-14 09:09:46.000000	\N	\N	3	2
129	130	False	False	\N	2024-10-14 10:09:46.000000	\N	\N	36	2
132	131	False	True	\N	2024-10-14 11:09:46.000000	\N	\N	6	2
131	132	False	False	\N	2024-10-14 12:09:46.000000	\N	\N	32	2
134	133	False	False	11	2024-10-14 14:09:46.000000	\N	\N	\N	51
133	134	False	False	\N	2024-10-14 15:09:46.000000	\N	\N	46	51
136	135	False	False	\N	2024-10-14 16:09:46.000000	\N	\N	44	51
135	136	False	False	12	2024-10-14 18:09:46.000000	\N	\N	50	51
138	137	False	False	\N	2024-10-14 19:09:46.000000	\N	\N	\N	51
137	138	False	False	\N	2024-10-14 20:09:46.000000	\N	\N	4	1
140	139	False	False	13	2024-10-14 22:09:46.000000	\N	\N	1	1
139	140	False	False	\N	2024-10-14 23:09:46.000000	\N	\N	25	1
142	141	False	False	\N	2024-10-15 00:09:46.000000	\N	\N	11	1
141	142	False	False	\N	2024-10-15 01:09:46.000000	\N	\N	44	1
144	143	False	False	\N	2024-10-15 02:09:46.000000	\N	\N	14	2
143	144	False	False	\N	2024-10-15 03:09:46.000000	\N	\N	39	2
146	145	False	False	\N	2024-10-15 04:09:46.000000	\N	\N	12	2
145	146	False	False	14	2024-10-15 06:09:46.000000	\N	\N	4	2
148	147	False	False	\N	2024-10-15 07:09:46.000000	\N	\N	48	2
147	148	False	False	\N	2024-10-15 08:09:46.000000	\N	\N	\N	51
150	149	False	False	\N	2024-10-15 09:09:46.000000	\N	\N	9	51
149	150	False	False	15	2024-10-15 11:09:46.000000	\N	\N	23	51
152	151	False	False	16	2024-10-15 13:09:46.000000	\N	\N	8	51
151	152	False	True	\N	2024-10-15 14:09:46.000000	\N	\N	30	1
154	153	False	False	\N	2024-10-15 15:09:46.000000	\N	\N	\N	1
153	154	False	False	\N	2024-10-15 16:09:46.000000	\N	\N	41	1
156	155	True	True	\N	2024-10-15 17:09:46.000000	2024-10-14 00:09:46.000000	\N	47	1
155	156	False	False	\N	2024-10-15 18:09:46.000000	\N	\N	\N	1
158	157	False	False	\N	2024-10-15 19:09:46.000000	\N	\N	44	1
157	158	False	False	\N	2024-10-15 20:09:46.000000	\N	\N	\N	2
160	159	False	False	\N	2024-10-15 21:09:46.000000	\N	\N	29	2
159	160	False	False	17	2024-10-15 23:09:46.000000	\N	\N	38	2
162	161	True	False	\N	2024-10-16 00:09:46.000000	\N	\N	50	2
161	162	False	False	\N	2024-10-16 01:09:46.000000	\N	\N	46	2
164	163	False	False	\N	2024-10-16 02:09:46.000000	\N	\N	29	51
163	164	False	False	\N	2024-10-16 03:09:46.000000	\N	\N	37	51
166	165	False	False	18	2024-10-16 04:09:46.000000	\N	\N	37	51
165	166	False	False	\N	2024-10-16 05:09:46.000000	\N	\N	50	51
168	167	False	False	19	2024-10-16 07:09:46.000000	\N	\N	12	51
167	168	False	False	\N	2024-10-16 08:09:46.000000	\N	\N	9	1
170	169	False	False	\N	2024-10-16 09:09:46.000000	\N	\N	\N	1
169	170	False	False	20	2024-10-16 11:09:46.000000	\N	\N	23	1
172	171	False	False	\N	2024-10-16 12:09:46.000000	\N	\N	2	1
171	172	False	False	\N	2024-10-16 13:09:46.000000	\N	\N	9	1
174	173	False	False	\N	2024-10-16 14:09:46.000000	\N	\N	18	2
173	174	False	False	\N	2024-10-16 15:09:46.000000	\N	\N	26	2
176	175	False	False	\N	2024-10-16 16:09:46.000000	\N	\N	\N	2
175	176	False	True	\N	2024-10-16 17:09:46.000000	\N	\N	16	2
178	177	False	False	21	2024-10-16 19:09:46.000000	\N	\N	\N	2
177	178	False	False	\N	2024-10-16 20:09:46.000000	\N	\N	37	51
180	179	False	False	\N	2024-10-16 21:09:46.000000	\N	\N	\N	51
179	180	False	False	\N	2024-10-16 22:09:46.000000	\N	\N	21	51
182	181	False	False	\N	2024-10-16 23:09:46.000000	\N	\N	37	51
181	182	False	False	22	2024-10-17 01:09:46.000000	\N	\N	15	51
184	183	False	False	23	2024-10-17 02:09:46.000000	2024-10-14 00:09:46.000000	\N	13	1
183	184	False	False	\N	2024-10-17 03:09:46.000000	\N	\N	21	1
186	185	False	False	\N	2024-10-13 00:09:46.000000	\N	\N	3	1
185	186	False	False	24	2024-10-13 02:09:46.000000	\N	\N	3	1
188	187	False	False	\N	2024-10-13 03:09:46.000000	\N	\N	17	1
187	188	False	False	\N	2024-10-13 04:09:46.000000	\N	\N	50	2
190	189	False	False	\N	2024-10-13 05:09:46.000000	\N	\N	16	2
189	190	False	False	\N	2024-10-13 06:09:46.000000	\N	\N	\N	2
192	191	False	False	25	2024-10-13 08:09:46.000000	\N	\N	3	2
191	192	False	False	\N	2024-10-13 09:09:46.000000	\N	\N	4	2
194	193	False	False	26	2024-10-13 11:09:46.000000	\N	\N	16	51
193	194	False	False	\N	2024-10-13 12:09:46.000000	\N	\N	17	51
196	195	False	False	\N	2024-10-13 13:09:46.000000	\N	\N	\N	51
195	196	False	False	\N	2024-10-13 14:09:46.000000	\N	\N	37	51
198	197	True	False	\N	2024-10-13 15:09:46.000000	\N	\N	3	51
197	198	False	True	\N	2024-10-13 16:09:46.000000	\N	\N	\N	1
200	199	False	False	\N	2024-10-13 17:09:46.000000	\N	\N	8	1
199	200	False	False	27	2024-10-13 19:09:46.000000	\N	\N	33	1
202	201	True	True	28	2024-10-13 20:09:46.000000	\N	\N	7	1
201	202	False	False	29	2024-10-13 22:09:46.000000	\N	\N	27	2
204	203	False	False	\N	2024-10-13 23:09:46.000000	\N	\N	18	2
203	204	False	False	\N	2024-10-14 00:09:46.000000	\N	\N	27	2
206	205	False	False	\N	2024-10-14 01:09:46.000000	\N	\N	2	2
205	206	False	False	30	2024-10-14 03:09:46.000000	\N	\N	34	2
208	207	False	False	\N	2024-10-14 04:09:46.000000	\N	\N	20	51
207	208	False	False	\N	2024-10-14 05:09:46.000000	\N	\N	30	51
210	209	False	False	\N	2024-10-14 06:09:46.000000	\N	\N	38	51
209	210	False	False	\N	2024-10-14 07:09:46.000000	2024-10-14 00:09:46.000000	\N	\N	51
212	211	False	False	\N	2024-10-14 08:09:46.000000	\N	\N	9	51
211	212	False	False	\N	2024-10-14 09:09:46.000000	\N	\N	34	51
214	213	False	False	\N	2024-10-14 10:09:46.000000	\N	\N	39	1
213	214	False	False	31	2024-10-14 12:09:46.000000	\N	\N	49	1
216	215	False	False	\N	2024-10-14 13:09:46.000000	\N	\N	17	1
215	216	False	False	\N	2024-10-14 14:09:46.000000	\N	\N	\N	1
218	217	False	False	\N	2024-10-14 15:09:46.000000	\N	\N	34	1
217	218	False	False	\N	2024-10-14 16:09:46.000000	\N	\N	5	2
220	219	False	False	32	2024-10-14 18:09:46.000000	\N	\N	1	2
219	220	False	True	\N	2024-10-14 19:09:46.000000	\N	\N	\N	2
222	221	False	False	\N	2024-10-14 20:09:46.000000	\N	\N	14	2
221	222	False	False	\N	2024-10-14 21:09:46.000000	\N	\N	21	2
224	223	False	False	\N	2024-10-14 22:09:46.000000	\N	\N	41	51
223	224	False	False	\N	2024-10-14 23:09:46.000000	\N	\N	5	51
226	225	False	False	\N	2024-10-15 00:09:46.000000	\N	\N	34	51
225	226	False	False	\N	2024-10-15 01:09:46.000000	\N	\N	41	51
228	227	False	False	\N	2024-10-15 02:09:46.000000	\N	\N	25	51
227	228	False	False	33	2024-10-15 04:09:46.000000	\N	\N	29	1
230	229	False	False	\N	2024-10-15 05:09:46.000000	\N	\N	2	1
229	230	False	False	\N	2024-10-15 06:09:46.000000	\N	\N	2	1
232	231	False	False	34	2024-10-15 08:09:46.000000	\N	\N	\N	1
231	232	True	True	35	2024-10-15 09:09:46.000000	\N	\N	11	1
234	233	True	False	\N	2024-10-15 10:09:46.000000	\N	\N	34	2
233	234	False	False	\N	2024-10-15 11:09:46.000000	\N	\N	11	2
236	235	False	False	\N	2024-10-15 12:09:46.000000	\N	\N	5	2
235	236	False	False	36	2024-10-15 14:09:46.000000	\N	\N	15	2
238	237	False	False	\N	2024-10-15 15:09:46.000000	\N	\N	\N	2
237	238	False	False	37	2024-10-15 16:09:46.000000	2024-10-14 00:09:46.000000	\N	16	51
240	239	False	False	\N	2024-10-15 17:09:46.000000	\N	\N	3	51
239	240	False	False	\N	2024-10-15 18:09:46.000000	\N	\N	\N	51
242	241	False	False	\N	2024-10-15 19:09:46.000000	\N	\N	36	51
241	242	False	False	\N	2024-10-15 20:09:46.000000	\N	\N	\N	51
244	243	False	False	\N	2024-10-15 21:09:46.000000	\N	\N	30	51
243	244	False	False	38	2024-10-15 23:09:46.000000	\N	\N	47	1
246	245	False	False	\N	2024-10-16 00:09:46.000000	\N	\N	41	1
245	246	False	False	\N	2024-10-16 01:09:46.000000	\N	\N	47	1
248	247	False	False	\N	2024-10-16 02:09:46.000000	\N	\N	34	1
247	248	True	True	\N	2024-10-16 03:09:46.000000	\N	\N	37	1
250	249	False	False	\N	2024-10-16 04:09:46.000000	\N	\N	34	2
249	250	False	False	\N	2024-10-16 05:09:46.000000	\N	\N	40	2
252	251	False	False	\N	2024-10-16 06:09:46.000000	\N	\N	3	2
251	252	False	False	\N	2024-10-16 07:09:46.000000	\N	\N	3	2
254	253	False	False	39	2024-10-16 09:09:46.000000	\N	\N	\N	2
253	254	False	False	\N	2024-10-16 10:09:46.000000	\N	\N	12	51
256	255	False	False	\N	2024-10-16 11:09:46.000000	\N	\N	9	51
255	256	False	False	\N	2024-10-16 12:09:46.000000	\N	\N	19	51
258	257	False	False	\N	2024-10-16 13:09:46.000000	\N	\N	37	51
257	258	False	False	40	2024-10-16 14:09:46.000000	\N	\N	16	51
260	259	False	False	\N	2024-10-16 15:09:46.000000	\N	\N	6	51
259	260	False	False	\N	2024-10-16 16:09:46.000000	\N	\N	\N	1
262	261	False	False	\N	2024-10-16 17:09:46.000000	\N	\N	2	1
261	262	False	False	\N	2024-10-16 18:09:46.000000	\N	\N	1	1
264	263	False	False	41	2024-10-16 20:09:46.000000	\N	\N	12	1
263	264	False	False	\N	2024-10-16 21:09:46.000000	\N	\N	\N	1
266	265	False	False	\N	2024-10-16 22:09:46.000000	\N	\N	32	2
265	266	False	False	\N	2024-10-16 23:09:46.000000	\N	\N	17	2
268	267	False	False	\N	2024-10-17 00:09:46.000000	\N	\N	8	2
267	268	False	True	\N	2024-10-17 01:09:46.000000	2024-10-14 00:09:46.000000	\N	11	2
270	269	False	False	\N	2024-10-17 02:09:46.000000	\N	\N	39	2
269	270	False	False	\N	2024-10-17 03:09:46.000000	\N	\N	40	2
272	271	False	False	\N	2024-10-13 00:09:46.000000	\N	\N	5	51
271	272	False	False	42	2024-10-13 02:09:46.000000	\N	\N	11	51
274	273	False	False	\N	2024-10-13 03:09:46.000000	\N	\N	27	51
273	274	False	False	\N	2024-10-13 04:09:46.000000	\N	\N	7	51
276	275	False	False	\N	2024-10-13 05:09:46.000000	\N	\N	18	51
275	276	False	False	\N	2024-10-13 06:09:46.000000	\N	\N	\N	1
278	277	False	False	\N	2024-10-13 07:09:46.000000	\N	\N	27	1
277	278	False	False	43	2024-10-13 08:09:46.000000	\N	\N	14	1
280	279	False	False	\N	2024-10-13 09:09:46.000000	\N	\N	1	1
279	280	False	False	\N	2024-10-13 10:09:46.000000	\N	\N	36	1
282	281	False	False	44	2024-10-13 12:09:46.000000	\N	\N	42	2
281	282	False	False	\N	2024-10-13 13:09:46.000000	\N	\N	\N	2
284	283	False	False	\N	2024-10-13 14:09:46.000000	\N	\N	34	2
283	284	False	False	\N	2024-10-13 15:09:46.000000	\N	\N	16	2
286	285	False	False	\N	2024-10-13 16:09:46.000000	\N	\N	\N	2
285	286	False	False	\N	2024-10-13 17:09:46.000000	\N	\N	45	2
288	287	False	False	\N	2024-10-13 18:09:46.000000	\N	\N	\N	51
287	288	False	False	\N	2024-10-13 19:09:46.000000	\N	\N	23	51
290	289	False	False	\N	2024-10-13 20:09:46.000000	\N	\N	13	51
289	290	False	False	\N	2024-10-13 21:09:46.000000	\N	\N	15	51
292	291	False	True	45	2024-10-14 00:09:46.000000	\N	\N	40	1
291	292	False	False	\N	2024-10-14 01:09:46.000000	\N	\N	40	1
294	293	False	False	\N	2024-10-14 02:09:46.000000	\N	\N	34	1
293	294	False	False	\N	2024-10-14 03:09:46.000000	\N	\N	37	1
296	295	False	False	\N	2024-10-14 04:09:46.000000	\N	\N	48	1
295	296	False	False	\N	2024-10-14 05:09:46.000000	\N	\N	15	1
298	297	True	True	46	2024-10-14 06:09:46.000000	2024-10-14 00:09:46.000000	\N	50	2
297	298	False	False	\N	2024-10-14 07:09:46.000000	\N	\N	\N	2
300	299	False	False	\N	2024-10-14 08:09:46.000000	\N	\N	33	2
299	300	False	False	\N	2024-10-14 09:09:46.000000	\N	\N	12	2
302	301	False	False	47	2024-10-14 11:09:46.000000	\N	\N	5	2
301	302	False	False	\N	2024-10-14 12:09:46.000000	\N	\N	14	51
304	303	False	False	48	2024-10-14 14:09:46.000000	\N	\N	\N	51
303	304	False	False	\N	2024-10-14 15:09:46.000000	\N	\N	42	51
306	305	False	False	49	2024-10-14 17:09:46.000000	\N	\N	\N	51
305	306	False	False	\N	2024-10-14 18:09:46.000000	\N	\N	34	1
308	307	False	False	\N	2024-10-14 19:09:46.000000	\N	\N	\N	1
307	308	True	False	\N	2024-10-14 20:09:46.000000	\N	\N	36	1
310	309	False	False	\N	2024-10-14 21:09:46.000000	\N	\N	4	1
309	310	False	False	\N	2024-10-14 22:09:46.000000	\N	\N	26	1
312	311	False	False	50	2024-10-15 00:09:46.000000	\N	\N	23	2
311	312	False	False	\N	2024-10-15 01:09:46.000000	\N	\N	43	2
314	313	False	False	\N	2024-10-15 02:09:46.000000	\N	\N	45	2
313	314	False	True	\N	2024-10-15 03:09:46.000000	\N	\N	8	2
316	315	False	False	51	2024-10-15 04:09:46.000000	\N	\N	10	2
315	316	False	False	\N	2024-10-15 05:09:46.000000	\N	\N	26	2
318	317	False	False	\N	2024-10-15 06:09:46.000000	\N	\N	30	51
317	318	False	False	\N	2024-10-15 07:09:46.000000	\N	\N	13	51
320	319	False	False	52	2024-10-15 09:09:46.000000	\N	\N	19	51
319	320	False	False	\N	2024-10-15 10:09:46.000000	\N	\N	3	51
322	321	False	False	\N	2024-10-15 11:09:46.000000	\N	\N	47	51
321	322	False	False	\N	2024-10-15 12:09:46.000000	\N	\N	10	1
324	323	False	False	\N	2024-10-15 13:09:46.000000	\N	\N	17	1
323	324	False	False	53	2024-10-15 15:09:46.000000	2024-10-14 00:09:46.000000	\N	\N	1
326	325	False	False	\N	2024-10-15 16:09:46.000000	\N	\N	39	1
325	326	False	False	\N	2024-10-15 17:09:46.000000	\N	\N	20	1
328	327	False	False	\N	2024-10-15 18:09:46.000000	\N	\N	\N	2
327	328	False	False	\N	2024-10-15 19:09:46.000000	\N	\N	29	2
330	329	False	False	\N	2024-10-15 20:09:46.000000	\N	\N	\N	2
329	330	False	False	\N	2024-10-15 21:09:46.000000	\N	\N	21	2
332	331	False	False	\N	2024-10-15 22:09:46.000000	\N	\N	1	2
331	332	False	False	\N	2024-10-15 23:09:46.000000	\N	\N	22	2
334	333	False	False	\N	2024-10-16 00:09:46.000000	\N	\N	11	51
333	334	False	False	54	2024-10-16 02:09:46.000000	\N	\N	10	51
336	335	False	False	\N	2024-10-16 03:09:46.000000	\N	\N	4	51
335	336	False	False	\N	2024-10-16 04:09:46.000000	\N	\N	6	51
338	337	False	False	\N	2024-10-16 05:09:46.000000	\N	\N	40	51
337	338	False	True	\N	2024-10-16 06:09:46.000000	\N	\N	38	1
340	339	False	False	\N	2024-10-16 07:09:46.000000	\N	\N	48	1
339	340	False	False	\N	2024-10-16 08:09:46.000000	\N	\N	38	1
342	341	False	False	\N	2024-10-16 09:09:46.000000	\N	\N	\N	1
341	342	False	False	\N	2024-10-16 10:09:46.000000	\N	\N	11	1
344	343	False	False	\N	2024-10-16 11:09:46.000000	\N	\N	49	1
343	344	True	True	55	2024-10-16 13:09:46.000000	\N	\N	45	2
346	345	False	False	\N	2024-10-16 14:09:46.000000	\N	\N	5	2
345	346	True	False	\N	2024-10-16 15:09:46.000000	\N	\N	45	2
348	347	False	False	\N	2024-10-16 16:09:46.000000	\N	\N	\N	2
347	348	False	False	\N	2024-10-16 17:09:46.000000	\N	\N	31	2
350	349	False	False	\N	2024-10-16 18:09:46.000000	\N	\N	18	51
349	350	False	False	\N	2024-10-16 19:09:46.000000	\N	\N	\N	51
352	351	False	False	56	2024-10-16 21:09:46.000000	\N	\N	\N	51
351	352	False	False	\N	2024-10-16 22:09:46.000000	\N	\N	21	51
354	353	False	False	\N	2024-10-16 23:09:46.000000	\N	\N	1	51
353	354	False	False	57	2024-10-17 00:09:46.000000	2024-10-14 00:09:46.000000	\N	39	1
356	355	False	False	\N	2024-10-17 01:09:46.000000	\N	\N	13	1
355	356	False	False	\N	2024-10-17 02:09:46.000000	\N	\N	18	1
358	357	False	False	\N	2024-10-17 03:09:46.000000	\N	\N	15	1
357	358	False	False	\N	2024-10-13 00:09:46.000000	\N	\N	33	1
360	359	False	False	\N	2024-10-13 01:09:46.000000	\N	\N	44	1
359	360	False	False	58	2024-10-13 03:09:46.000000	\N	\N	48	2
362	361	False	False	\N	2024-10-13 04:09:46.000000	\N	\N	14	2
361	362	False	True	\N	2024-10-13 05:09:46.000000	\N	\N	33	2
364	363	False	False	\N	2024-10-13 06:09:46.000000	\N	\N	\N	2
363	364	False	False	\N	2024-10-13 07:09:46.000000	\N	\N	23	2
366	365	False	False	\N	2024-10-13 08:09:46.000000	\N	\N	7	51
365	366	False	False	\N	2024-10-13 09:09:46.000000	\N	\N	15	51
368	367	False	False	59	2024-10-13 11:09:46.000000	\N	\N	48	51
367	368	False	False	\N	2024-10-13 12:09:46.000000	\N	\N	19	51
370	369	False	False	\N	2024-10-13 13:09:46.000000	\N	\N	\N	51
369	370	False	False	60	2024-10-13 15:09:46.000000	\N	\N	34	1
372	371	False	False	\N	2024-10-13 16:09:46.000000	\N	\N	\N	1
371	372	False	False	\N	2024-10-13 17:09:46.000000	\N	\N	32	1
374	373	False	False	61	2024-10-13 18:09:46.000000	\N	\N	\N	1
373	374	False	False	\N	2024-10-13 19:09:46.000000	\N	\N	7	1
376	375	False	False	\N	2024-10-13 20:09:46.000000	\N	\N	12	2
375	376	False	False	62	2024-10-13 22:09:46.000000	\N	\N	29	2
378	377	False	False	\N	2024-10-13 23:09:46.000000	\N	\N	34	2
377	378	False	False	63	2024-10-14 01:09:46.000000	\N	\N	23	2
380	379	False	False	\N	2024-10-14 02:09:46.000000	\N	\N	33	51
379	380	False	False	64	2024-10-14 04:09:46.000000	\N	\N	24	51
382	381	True	False	65	2024-10-14 06:09:46.000000	\N	\N	4	51
381	382	False	False	\N	2024-10-14 07:09:46.000000	\N	\N	\N	51
384	383	False	True	\N	2024-10-14 08:09:46.000000	\N	\N	22	1
383	384	False	False	\N	2024-10-14 09:09:46.000000	\N	\N	26	1
386	385	False	False	\N	2024-10-14 10:09:46.000000	\N	\N	7	1
385	386	False	False	\N	2024-10-14 11:09:46.000000	\N	\N	28	1
388	387	False	False	\N	2024-10-14 12:09:46.000000	\N	\N	10	1
387	388	False	False	66	2024-10-14 14:09:46.000000	\N	\N	\N	2
390	389	False	False	\N	2024-10-14 15:09:46.000000	\N	\N	42	2
389	390	True	True	67	2024-10-14 16:09:46.000000	\N	\N	21	2
392	391	False	False	\N	2024-10-14 17:09:46.000000	\N	\N	\N	2
391	392	False	False	\N	2024-10-14 18:09:46.000000	\N	\N	37	2
394	393	False	False	\N	2024-10-14 19:09:46.000000	\N	\N	\N	2
393	394	False	False	\N	2024-10-14 20:09:46.000000	\N	\N	41	51
396	395	False	False	\N	2024-10-14 21:09:46.000000	\N	\N	31	51
395	396	False	False	\N	2024-10-14 22:09:46.000000	\N	\N	4	51
398	397	False	False	68	2024-10-15 00:09:46.000000	\N	\N	32	51
397	398	False	False	\N	2024-10-15 01:09:46.000000	\N	\N	28	51
400	399	False	False	\N	2024-10-15 02:09:46.000000	\N	\N	28	1
399	400	False	False	\N	2024-10-15 03:09:46.000000	\N	\N	13	1
402	401	False	False	\N	2024-10-15 04:09:46.000000	\N	\N	40	1
401	402	False	False	\N	2024-10-15 05:09:46.000000	\N	\N	41	1
404	403	False	False	\N	2024-10-15 06:09:46.000000	\N	\N	21	1
403	404	False	False	69	2024-10-15 08:09:46.000000	\N	\N	\N	2
406	405	False	False	\N	2024-10-15 09:09:46.000000	\N	\N	21	2
405	406	False	False	\N	2024-10-15 10:09:46.000000	\N	\N	36	2
408	407	False	True	\N	2024-10-15 11:09:46.000000	\N	\N	16	2
407	408	False	False	\N	2024-10-15 12:09:46.000000	\N	\N	29	2
410	409	False	False	\N	2024-10-15 13:09:46.000000	\N	\N	40	2
409	410	False	False	70	2024-10-15 14:09:46.000000	2024-10-14 00:09:46.000000	\N	28	51
412	411	False	False	\N	2024-10-15 15:09:46.000000	\N	\N	\N	51
411	412	False	False	\N	2024-10-15 16:09:46.000000	\N	\N	6	51
414	413	False	False	71	2024-10-15 18:09:46.000000	\N	\N	\N	51
413	414	False	False	\N	2024-10-15 19:09:46.000000	\N	\N	23	51
416	415	False	False	\N	2024-10-15 20:09:46.000000	\N	\N	\N	1
415	416	False	False	\N	2024-10-15 21:09:46.000000	\N	\N	13	1
418	417	False	False	\N	2024-10-15 22:09:46.000000	\N	\N	26	1
417	418	False	False	\N	2024-10-15 23:09:46.000000	\N	\N	43	1
420	419	True	False	72	2024-10-16 01:09:46.000000	\N	\N	26	1
419	420	False	False	73	2024-10-16 03:09:46.000000	\N	\N	10	2
422	421	False	False	\N	2024-10-16 04:09:46.000000	\N	\N	7	2
421	422	False	False	\N	2024-10-16 05:09:46.000000	\N	\N	35	2
424	423	False	False	74	2024-10-16 07:09:46.000000	\N	\N	30	2
423	424	False	False	\N	2024-10-16 08:09:46.000000	\N	\N	11	51
426	425	False	False	\N	2024-10-16 09:09:46.000000	\N	\N	\N	51
425	426	False	False	\N	2024-10-16 10:09:46.000000	\N	\N	8	51
428	427	False	False	\N	2024-10-16 11:09:46.000000	\N	\N	17	51
427	428	False	False	75	2024-10-16 12:09:46.000000	\N	\N	49	51
430	429	False	False	\N	2024-10-16 13:09:46.000000	\N	\N	20	51
429	430	False	True	\N	2024-10-16 14:09:46.000000	\N	\N	43	1
432	431	False	False	\N	2024-10-16 15:09:46.000000	\N	\N	3	1
431	432	False	False	\N	2024-10-16 16:09:46.000000	\N	\N	\N	1
434	433	False	False	76	2024-10-16 18:09:46.000000	\N	\N	42	1
433	434	False	False	\N	2024-10-16 19:09:46.000000	\N	\N	\N	1
436	435	False	False	\N	2024-10-16 20:09:46.000000	\N	\N	28	2
435	436	False	False	\N	2024-10-16 21:09:46.000000	\N	\N	\N	2
438	437	False	False	\N	2024-10-16 22:09:46.000000	\N	\N	9	2
437	438	False	False	77	2024-10-17 00:09:46.000000	\N	\N	48	2
440	439	False	False	\N	2024-10-17 01:09:46.000000	\N	\N	9	2
439	440	False	False	\N	2024-10-17 02:09:46.000000	\N	\N	3	51
442	441	False	False	\N	2024-10-17 03:09:46.000000	\N	\N	16	51
441	442	False	False	78	2024-10-13 01:09:46.000000	\N	\N	9	51
444	443	False	False	\N	2024-10-13 02:09:46.000000	\N	\N	5	51
443	444	False	False	\N	2024-10-13 03:09:46.000000	\N	\N	44	51
446	445	False	False	\N	2024-10-13 04:09:46.000000	\N	\N	21	1
445	446	False	False	\N	2024-10-13 05:09:46.000000	\N	\N	15	1
448	447	False	False	79	2024-10-13 07:09:46.000000	\N	\N	19	1
447	448	False	False	\N	2024-10-13 08:09:46.000000	\N	\N	45	1
450	449	False	False	\N	2024-10-13 09:09:46.000000	\N	\N	47	1
449	450	False	False	\N	2024-10-13 10:09:46.000000	\N	\N	36	2
452	451	False	False	\N	2024-10-13 11:09:46.000000	\N	\N	32	2
451	452	False	False	\N	2024-10-13 12:09:46.000000	\N	\N	14	2
454	453	True	True	80	2024-10-13 14:09:46.000000	\N	\N	21	2
453	454	False	False	\N	2024-10-13 15:09:46.000000	\N	\N	42	2
456	455	True	False	\N	2024-10-13 16:09:46.000000	\N	\N	\N	51
455	456	False	False	\N	2024-10-13 17:09:46.000000	\N	\N	15	51
458	457	False	False	\N	2024-10-13 18:09:46.000000	\N	\N	\N	51
457	458	False	False	\N	2024-10-13 19:09:46.000000	\N	\N	12	51
460	459	False	False	\N	2024-10-13 20:09:46.000000	\N	\N	36	51
459	460	False	False	\N	2024-10-13 21:09:46.000000	\N	\N	42	51
462	461	False	False	\N	2024-10-13 22:09:46.000000	\N	\N	34	1
461	462	False	False	\N	2024-10-13 23:09:46.000000	\N	\N	12	1
464	463	False	False	81	2024-10-14 01:09:46.000000	\N	\N	15	1
463	464	False	False	\N	2024-10-14 02:09:46.000000	\N	\N	8	1
466	465	False	False	\N	2024-10-14 03:09:46.000000	\N	\N	18	1
465	466	False	False	82	2024-10-14 04:09:46.000000	2024-10-14 00:09:46.000000	\N	22	2
468	467	False	False	\N	2024-10-14 05:09:46.000000	\N	\N	13	2
467	468	False	False	\N	2024-10-14 06:09:46.000000	\N	\N	18	2
470	469	False	False	\N	2024-10-14 07:09:46.000000	\N	\N	\N	2
469	470	False	False	\N	2024-10-14 08:09:46.000000	\N	\N	40	2
472	471	False	False	\N	2024-10-14 09:09:46.000000	\N	\N	4	2
471	472	False	False	83	2024-10-14 11:09:46.000000	\N	\N	5	51
474	473	False	False	\N	2024-10-14 12:09:46.000000	\N	\N	26	51
473	474	False	False	\N	2024-10-14 13:09:46.000000	\N	\N	10	51
476	475	False	False	\N	2024-10-14 14:09:46.000000	\N	\N	\N	51
475	476	False	False	\N	2024-10-14 15:09:46.000000	\N	\N	1	51
478	477	False	False	84	2024-10-14 18:09:46.000000	\N	\N	48	1
477	478	False	False	\N	2024-10-14 19:09:46.000000	\N	\N	\N	1
480	479	False	False	\N	2024-10-14 20:09:46.000000	\N	\N	21	1
479	480	False	False	\N	2024-10-14 21:09:46.000000	\N	\N	9	1
482	481	False	False	85	2024-10-14 23:09:46.000000	\N	\N	47	2
481	482	False	False	\N	2024-10-15 00:09:46.000000	\N	\N	35	2
484	483	False	False	\N	2024-10-15 01:09:46.000000	\N	\N	9	2
483	484	True	True	86	2024-10-15 02:09:46.000000	\N	\N	21	2
486	485	False	False	\N	2024-10-15 03:09:46.000000	\N	\N	44	2
485	486	False	False	\N	2024-10-15 04:09:46.000000	\N	\N	18	51
488	487	False	False	\N	2024-10-15 05:09:46.000000	\N	\N	30	51
487	488	False	False	\N	2024-10-15 06:09:46.000000	\N	\N	39	51
490	489	False	False	87	2024-10-15 08:09:46.000000	\N	\N	\N	51
489	490	False	False	88	2024-10-15 10:09:46.000000	\N	\N	6	1
492	491	True	False	\N	2024-10-15 11:09:46.000000	\N	\N	12	1
491	492	False	False	\N	2024-10-15 12:09:46.000000	\N	\N	28	1
494	493	False	False	\N	2024-10-15 13:09:46.000000	2024-10-14 00:09:46.000000	\N	28	1
493	494	False	False	\N	2024-10-15 14:09:46.000000	\N	\N	40	1
496	495	False	False	\N	2024-10-15 15:09:46.000000	\N	\N	\N	1
495	496	False	False	\N	2024-10-15 16:09:46.000000	\N	\N	29	2
498	497	False	False	\N	2024-10-15 17:09:46.000000	\N	\N	25	2
497	498	False	True	89	2024-10-15 19:09:46.000000	\N	\N	34	2
500	499	False	False	\N	2024-10-15 20:09:46.000000	\N	\N	\N	2
499	500	False	False	\N	2024-10-15 21:09:46.000000	\N	\N	4	2
502	501	False	False	\N	2024-10-15 22:09:46.000000	\N	\N	44	51
501	502	False	False	\N	2024-10-15 23:09:46.000000	\N	\N	47	51
504	503	False	False	90	2024-10-16 00:09:46.000000	\N	\N	37	51
503	504	False	False	\N	2024-10-16 01:09:46.000000	\N	\N	39	51
506	505	False	False	91	2024-10-16 03:09:46.000000	\N	\N	20	51
650	649	False	False	\N	2024-10-20 00:09:46.000000	\N	\N	3	1
649	650	False	False	118	2024-10-20 00:09:46.000000	\N	\N	\N	1
652	651	False	False	119	2024-10-20 00:09:46.000000	\N	\N	3	1
651	652	False	False	\N	2024-10-20 00:09:46.000000	2024-10-20 00:09:56.000000	\N	3	1
654	653	False	False	\N	2024-10-20 00:09:46.000000	\N	\N	3	2
505	506	False	False	92	2024-10-15 00:09:46.000000	\N	\N	3	1
508	507	False	False	\N	2024-10-15 01:09:46.000000	\N	\N	3	1
507	508	True	True	\N	2024-10-15 02:09:46.000000	\N	\N	3	1
510	509	False	False	\N	2024-10-15 03:09:46.000000	\N	\N	3	1
509	510	False	False	\N	2024-10-15 04:09:46.000000	\N	\N	3	1
512	511	False	False	\N	2024-10-15 05:09:46.000000	\N	\N	3	1
511	512	False	False	\N	2024-10-15 06:09:46.000000	\N	\N	3	1
514	513	False	False	93	2024-10-15 07:09:46.000000	\N	\N	3	1
513	514	False	False	\N	2024-10-15 08:09:46.000000	\N	\N	3	1
516	515	False	False	\N	2024-10-15 09:09:46.000000	\N	\N	3	1
515	516	False	False	\N	2024-10-15 10:09:46.000000	\N	\N	3	1
518	517	True	False	\N	2024-10-15 11:09:46.000000	\N	\N	3	1
517	518	False	False	\N	2024-10-15 12:09:46.000000	\N	\N	3	1
520	519	False	False	94	2024-10-15 13:09:46.000000	\N	\N	3	1
519	520	False	False	95	2024-10-15 14:09:46.000000	\N	\N	3	1
522	521	False	False	\N	2024-10-15 15:09:46.000000	\N	\N	3	1
521	522	False	False	\N	2024-10-15 16:09:46.000000	\N	\N	3	1
524	523	False	False	96	2024-10-15 17:09:46.000000	\N	\N	3	1
523	524	False	False	\N	2024-10-15 18:09:46.000000	\N	\N	3	1
526	525	False	True	\N	2024-10-15 19:09:46.000000	\N	\N	3	1
525	526	False	False	\N	2024-10-15 20:09:46.000000	\N	\N	3	1
528	527	False	False	\N	2024-10-15 21:09:46.000000	\N	\N	3	1
527	528	False	False	\N	2024-10-15 22:09:46.000000	\N	\N	3	1
530	529	False	False	\N	2024-10-15 23:09:46.000000	\N	\N	3	1
529	530	False	False	\N	2024-10-16 00:09:46.000000	\N	\N	3	1
532	531	False	False	\N	2024-10-16 01:09:46.000000	\N	\N	3	1
531	532	False	False	\N	2024-10-16 02:09:46.000000	\N	\N	3	1
534	533	False	False	\N	2024-10-16 03:09:46.000000	\N	\N	3	1
533	534	False	False	\N	2024-10-16 04:09:46.000000	\N	\N	3	1
536	535	False	False	\N	2024-10-16 05:09:46.000000	\N	\N	3	1
535	536	False	False	\N	2024-10-16 06:09:46.000000	\N	\N	3	1
538	537	False	False	\N	2024-10-16 07:09:46.000000	\N	\N	3	1
537	538	False	False	97	2024-10-16 08:09:46.000000	\N	\N	3	1
540	539	False	False	\N	2024-10-16 09:09:46.000000	\N	\N	3	1
539	540	False	False	\N	2024-10-16 10:09:46.000000	\N	\N	3	1
542	541	False	False	\N	2024-10-16 11:09:46.000000	\N	\N	3	1
541	542	False	False	\N	2024-10-16 12:09:46.000000	\N	\N	3	1
544	543	False	False	\N	2024-10-16 13:09:46.000000	\N	\N	3	1
543	544	False	False	\N	2024-10-16 14:09:46.000000	\N	\N	3	1
546	545	False	False	\N	2024-10-16 15:09:46.000000	\N	\N	3	1
545	546	False	False	\N	2024-10-16 16:09:46.000000	\N	\N	3	1
548	547	False	False	98	2024-10-16 17:09:46.000000	\N	\N	3	1
547	548	False	False	\N	2024-10-16 18:09:46.000000	\N	\N	3	1
550	549	False	False	\N	2024-10-16 19:09:46.000000	\N	\N	3	1
549	550	False	False	\N	2024-10-16 20:09:46.000000	\N	\N	3	1
552	551	False	False	\N	2024-10-16 21:09:46.000000	\N	\N	3	1
551	552	False	True	\N	2024-10-16 22:09:46.000000	\N	\N	3	1
554	553	False	False	99	2024-10-16 23:09:46.000000	\N	\N	3	1
553	554	False	False	100	2024-10-17 00:09:46.000000	\N	\N	3	1
556	555	False	False	\N	2024-10-17 01:09:46.000000	\N	\N	3	1
555	556	False	False	\N	2024-10-17 02:09:46.000000	\N	\N	3	1
558	557	False	False	\N	2024-10-17 03:09:46.000000	\N	\N	3	1
557	558	False	False	\N	2024-10-13 00:09:46.000000	\N	\N	3	1
560	559	False	False	\N	2024-10-13 01:09:46.000000	\N	\N	3	1
559	560	True	False	\N	2024-10-13 02:09:46.000000	\N	\N	3	1
562	561	False	False	\N	2024-10-13 03:09:46.000000	\N	\N	3	1
561	562	False	False	101	2024-10-13 04:09:46.000000	\N	\N	3	1
564	563	True	True	102	2024-10-13 05:09:46.000000	\N	\N	3	1
563	564	False	False	\N	2024-10-13 06:09:46.000000	\N	\N	3	1
566	565	False	False	\N	2024-10-13 07:09:46.000000	\N	\N	3	1
565	566	False	False	\N	2024-10-13 08:09:46.000000	\N	\N	3	1
568	567	False	False	\N	2024-10-13 09:09:46.000000	\N	\N	3	1
567	568	False	False	103	2024-10-13 10:09:46.000000	\N	\N	3	1
570	569	False	False	\N	2024-10-13 11:09:46.000000	\N	\N	3	1
569	570	False	False	\N	2024-10-13 12:09:46.000000	\N	\N	3	1
572	571	False	False	\N	2024-10-13 13:09:46.000000	\N	\N	3	1
571	572	False	False	\N	2024-10-13 14:09:46.000000	\N	\N	3	1
574	573	False	False	\N	2024-10-13 15:09:46.000000	\N	\N	3	1
573	574	False	False	\N	2024-10-13 16:09:46.000000	\N	\N	3	1
576	575	False	False	\N	2024-10-13 17:09:46.000000	\N	\N	3	1
575	576	False	False	104	2024-10-13 18:09:46.000000	\N	\N	3	1
578	577	False	False	105	2024-10-13 19:09:46.000000	\N	\N	3	1
577	578	False	False	\N	2024-10-13 20:09:46.000000	\N	\N	3	1
580	579	False	True	\N	2024-10-13 21:09:46.000000	\N	\N	3	1
579	580	False	False	106	2024-10-13 22:09:46.000000	\N	\N	3	1
582	581	False	False	\N	2024-10-13 23:09:46.000000	\N	\N	3	1
581	582	False	False	107	2024-10-14 00:09:46.000000	\N	\N	3	1
584	583	False	False	\N	2024-10-14 01:09:46.000000	\N	\N	3	1
583	584	False	False	108	2024-10-14 02:09:46.000000	\N	\N	3	1
586	585	False	False	\N	2024-10-14 03:09:46.000000	\N	\N	3	1
585	586	False	False	\N	2024-10-14 04:09:46.000000	\N	\N	3	1
588	587	False	False	\N	2024-10-14 05:09:46.000000	\N	\N	3	1
587	588	False	False	\N	2024-10-14 06:09:46.000000	\N	\N	3	1
590	589	False	False	\N	2024-10-14 07:09:46.000000	\N	\N	3	1
589	590	False	False	\N	2024-10-14 08:09:46.000000	\N	\N	3	1
592	591	False	False	\N	2024-10-14 09:09:46.000000	\N	\N	3	1
591	592	False	False	\N	2024-10-14 10:09:46.000000	\N	\N	3	1
594	593	False	False	\N	2024-10-14 11:09:46.000000	\N	\N	3	1
593	594	False	False	\N	2024-10-14 12:09:46.000000	\N	\N	3	1
596	595	False	False	109	2024-10-14 13:09:46.000000	\N	\N	3	1
595	596	False	False	\N	2024-10-14 14:09:46.000000	\N	\N	3	1
598	597	False	False	\N	2024-10-14 15:09:46.000000	\N	\N	3	1
597	598	False	False	\N	2024-10-14 16:09:46.000000	\N	\N	3	1
600	599	False	False	\N	2024-10-14 17:09:46.000000	\N	\N	3	1
599	600	False	False	110	2024-10-14 18:09:46.000000	\N	\N	3	1
602	601	False	False	\N	2024-10-14 19:09:46.000000	\N	\N	3	1
601	602	False	False	111	2024-10-14 20:09:46.000000	\N	\N	3	1
604	603	True	False	\N	2024-10-14 21:09:46.000000	\N	\N	3	1
603	604	False	False	\N	2024-10-14 22:09:46.000000	\N	\N	3	1
606	605	False	False	\N	2024-10-14 23:09:46.000000	\N	\N	3	1
605	606	False	True	\N	2024-10-15 00:09:46.000000	\N	\N	3	1
608	607	False	False	\N	2024-10-15 01:09:46.000000	\N	\N	3	1
607	608	False	False	\N	2024-10-15 02:09:46.000000	\N	\N	3	1
610	609	False	False	112	2024-10-15 03:09:46.000000	\N	\N	3	1
609	610	False	False	113	2024-10-15 04:09:46.000000	\N	\N	3	1
612	611	False	False	\N	2024-10-15 05:09:46.000000	\N	\N	3	1
611	612	False	False	\N	2024-10-15 06:09:46.000000	\N	\N	3	1
614	613	False	False	\N	2024-10-15 07:09:46.000000	\N	\N	3	1
613	614	False	False	\N	2024-10-15 08:09:46.000000	\N	\N	3	1
616	615	False	False	\N	2024-10-15 09:09:46.000000	\N	\N	3	1
615	616	False	False	\N	2024-10-15 10:09:46.000000	\N	\N	3	1
618	617	False	False	\N	2024-10-15 11:09:46.000000	\N	\N	3	1
617	618	True	True	\N	2024-10-15 12:09:46.000000	\N	\N	3	1
620	619	False	False	\N	2024-10-15 13:09:46.000000	\N	\N	3	1
619	620	False	False	\N	2024-10-15 14:09:46.000000	\N	\N	3	1
622	621	False	False	114	2024-10-15 15:09:46.000000	\N	\N	3	1
621	622	False	False	\N	2024-10-15 16:09:46.000000	\N	\N	3	1
624	623	False	False	\N	2024-10-15 17:09:46.000000	\N	\N	3	1
623	624	False	False	\N	2024-10-15 18:09:46.000000	\N	\N	3	1
626	625	False	False	\N	2024-10-15 19:09:46.000000	\N	\N	3	1
625	626	False	False	\N	2024-10-15 20:09:46.000000	\N	\N	3	1
628	627	False	False	\N	2024-10-15 21:09:46.000000	\N	\N	3	1
627	628	False	False	\N	2024-10-15 22:09:46.000000	\N	\N	3	1
630	629	False	False	\N	2024-10-15 23:09:46.000000	\N	\N	3	1
629	630	False	False	\N	2024-10-16 00:09:46.000000	\N	\N	3	1
632	631	False	False	115	2024-10-16 01:09:46.000000	\N	\N	3	1
631	632	False	False	\N	2024-10-16 02:09:46.000000	\N	\N	3	1
634	633	False	True	\N	2024-10-16 03:09:46.000000	\N	\N	3	1
633	634	False	False	\N	2024-10-16 04:09:46.000000	\N	\N	3	1
636	635	False	False	116	2024-10-16 05:09:46.000000	\N	\N	3	1
635	636	False	False	\N	2024-10-16 06:09:46.000000	\N	\N	3	1
638	637	False	False	\N	2024-10-16 07:09:46.000000	\N	\N	3	1
637	638	False	False	\N	2024-10-16 08:09:46.000000	\N	\N	3	1
640	639	False	False	\N	2024-10-16 09:09:46.000000	\N	\N	3	1
639	640	False	False	\N	2024-10-16 10:09:46.000000	\N	\N	3	1
642	641	False	False	\N	2024-10-16 11:09:46.000000	\N	\N	3	1
641	642	False	False	\N	2024-10-16 12:09:46.000000	\N	\N	3	1
644	643	False	False	\N	2024-10-16 13:09:46.000000	\N	\N	3	1
643	644	False	False	\N	2024-10-16 14:09:46.000000	\N	\N	3	1
646	645	False	False	117	2024-10-16 15:09:46.000000	\N	\N	3	1
645	646	True	False	\N	2024-10-16 16:09:46.000000	\N	\N	3	1
648	647	False	False	\N	2024-10-16 17:09:46.000000	\N	\N	3	1
647	648	False	False	\N	2024-10-16 18:09:46.000000	\N	\N	3	1
653	654	False	False	120	2024-10-13 01:09:46.000000	\N	\N	\N	1
656	655	False	False	121	2024-10-13 01:09:46.000000	2024-10-13 01:26:26.000000	\N	3	1
655	656	False	False	122	2024-10-13 01:09:46.000000	\N	\N	3	1
658	657	False	False	123	2024-10-13 01:09:46.000000	2024-10-13 01:26:26.000000	\N	\N	1
657	658	False	False	124	2024-10-13 01:09:46.000000	\N	\N	3	1
660	659	False	False	125	2024-10-13 01:09:46.000000	2024-10-13 01:26:26.000000	\N	3	1
659	660	False	False	126	2024-10-13 01:09:46.000000	\N	\N	\N	1
662	661	False	False	127	2024-10-13 01:09:46.000000	2024-10-13 01:26:26.000000	\N	3	1
661	662	False	False	128	2024-10-13 01:09:46.000000	\N	\N	3	1
664	663	False	False	129	2024-10-13 01:09:46.000000	2024-10-13 01:26:26.000000	\N	\N	1
663	664	False	False	130	2024-10-13 01:09:46.000000	\N	\N	3	1
666	665	False	False	131	2024-10-13 01:09:46.000000	2024-10-13 01:26:26.000000	\N	3	1
665	666	False	False	\N	2024-10-13 00:20:52.000000	\N	\N	3	1
668	667	False	False	\N	2024-10-13 00:20:53.000000	\N	\N	3	1
667	668	True	False	\N	2024-10-13 00:20:54.000000	\N	\N	3	1
670	669	False	True	\N	2024-10-13 00:20:55.000000	\N	\N	3	1
669	670	True	True	\N	2024-10-13 00:20:56.000000	\N	\N	3	1
672	671	True	True	\N	2024-10-13 00:20:57.000000	\N	\N	3	1
671	672	False	False	132	2024-10-13 00:20:58.000000	\N	\N	3	1
674	673	True	False	133	2024-10-13 00:20:59.000000	\N	\N	3	1
673	674	True	False	134	2024-10-13 00:21:00.000000	\N	\N	3	1
676	675	False	True	135	2024-10-13 00:21:01.000000	\N	\N	3	1
675	676	False	True	136	2024-10-13 00:21:02.000000	\N	\N	3	1
678	677	True	True	137	2024-10-13 00:21:03.000000	\N	\N	3	1
677	678	True	True	138	2024-10-13 00:21:04.000000	\N	\N	3	1
680	679	False	True	\N	2024-10-13 00:09:46.000000	\N	\N	2	51